"Nom","Adresse","longlat","Voir les spectacles du jour"
"NOTRE DAME (THÉÂTRE)","13 à 17, rue du Collège d'Annecy 84000 Avignon","43.945969 4.804861","https://www.imparato.io/blog/tous-les-spectacles-du-off-2022-aujourd-hui-theatre-par-theatre#/programme/2022/notre-dame-theatre-t4668/"
"CARMES ANDRÉ BENEDETTO (THÉÂTRE DES)","6, place des Carmes 84000 Avignon","43.9504781 4.81317709999996","https://www.imparato.io/blog/tous-les-spectacles-du-off-2022-aujourd-hui-theatre-par-theatre#/programme/2022/carmes-andre-benedetto-theatre-des-t4654/"
"ESPACE ROSEAU TEINTURIERS","45, rue des Teinturiers 84000 Avignon","43.945011 4.8133067","https://www.imparato.io/blog/tous-les-spectacles-du-off-2022-aujourd-hui-theatre-par-theatre#/programme/2022/espace-roseau-teinturiers-t4663/"
"ÉTINCELLE (THÉÂTRE DE L’)","14 place des Etudes 84000 Avignon","43.9456048 4.80880239999999","https://www.imparato.io/blog/tous-les-spectacles-du-off-2022-aujourd-hui-theatre-par-theatre#/programme/2022/etincelle-theatre-de-l-t4666/"
"11 • AVIGNON","11, bd Raspail 84000 Avignon","43.9442326 4.80408790000001","https://www.imparato.io/blog/tous-les-spectacles-du-off-2022-aujourd-hui-theatre-par-theatre#/programme/2022/11-avignon-t4748/"
"COMÉDIE DU FORUM (LA)","Place de l'Horloge 84000 Avignon","43.948699 4.805892","https://www.imparato.io/blog/tous-les-spectacles-du-off-2022-aujourd-hui-theatre-par-theatre#/programme/2022/comedie-du-forum-la-t4786/"
"AUTRE CARNOT (THÉÂTRE L')","7 rue Carnot 84000 Avignon","43.949084 4.809078","https://www.imparato.io/blog/tous-les-spectacles-du-off-2022-aujourd-hui-theatre-par-theatre#/programme/2022/autre-carnot-theatre-l-t4720/"
"PRÉSENCE PASTEUR","13, rue du Pont Trouca 84000 Avignon","43.947898 4.813244","https://www.imparato.io/blog/tous-les-spectacles-du-off-2022-aujourd-hui-theatre-par-theatre#/programme/2022/presence-pasteur-t4687/"
"LUNA (LA) / QUARTIER LUNA","1 rue Séverine 84000 Avignon","43.9459177 4.81558659999996","https://www.imparato.io/blog/tous-les-spectacles-du-off-2022-aujourd-hui-theatre-par-theatre#/programme/2022/luna-la-quartier-luna-t4675/"
"PIERRE DE LUNE / QUARTIER LUNA","3 RUE ROQUILLE 84000 Avignon","0 0","https://www.imparato.io/blog/tous-les-spectacles-du-off-2022-aujourd-hui-theatre-par-theatre#/programme/2022/pierre-de-lune-quartier-luna-t4784/"
"CONDITION DES SOIES","13, rue de la Croix 84000 Avignon","43.949682 4.810444","https://www.imparato.io/blog/tous-les-spectacles-du-off-2022-aujourd-hui-theatre-par-theatre#/programme/2022/condition-des-soies-t4659/"
"BÉLIERS (THÉÂTRE DES)","53, rue du Portail Magnanen 84000 Avignon","43.9439299 4.81193259999998","https://www.imparato.io/blog/tous-les-spectacles-du-off-2022-aujourd-hui-theatre-par-theatre#/programme/2022/beliers-theatre-des-t4650/"
"PETITE CASERNE (LA)","119, rue Carreterie 84000 Avignon","43.9514203 4.81599519999997","https://www.imparato.io/blog/tous-les-spectacles-du-off-2022-aujourd-hui-theatre-par-theatre#/programme/2022/petite-caserne-la-t4681/"
"PIXEL AVIGNON","18, rue Guillaume Puy 84000 Avignon","43.949381 4.814295","https://www.imparato.io/blog/tous-les-spectacles-du-off-2022-aujourd-hui-theatre-par-theatre#/programme/2022/pixel-avignon-t4738/"
"OBSERVANCE (THEATRE DE L')","10, rue de l'observance 84000 Avignon","43.94417 4.800423","https://www.imparato.io/blog/tous-les-spectacles-du-off-2022-aujourd-hui-theatre-par-theatre#/programme/2022/observance-theatre-de-l-t4714/"
"TRAIN BLEU (THÉÂTRE DU)","40, rue Paul Saïn 84000 Avignon","43.9483801 4.81219369999997","https://www.imparato.io/blog/tous-les-spectacles-du-off-2022-aujourd-hui-theatre-par-theatre#/programme/2022/train-bleu-theatre-du-t4751/"
"MANUFACTURE (LA)","2 bis, rue des écoles 84000 Avignon","43.9475341 4.81537579999997","https://www.imparato.io/blog/tous-les-spectacles-du-off-2022-aujourd-hui-theatre-par-theatre#/programme/2022/manufacture-la-t4677/"
"ORIFLAMME (L')","3 5 rue du portail Matheron 84000 Avignon","0 0","https://www.imparato.io/blog/tous-les-spectacles-du-off-2022-aujourd-hui-theatre-par-theatre#/programme/2022/oriflamme-l-t4785/"
"TACHE D'ENCRE (THÉÂTRE DE LA)","1 rue de la Tarasque 84000 Avignon","43.94488 4.813652","https://www.imparato.io/blog/tous-les-spectacles-du-off-2022-aujourd-hui-theatre-par-theatre#/programme/2022/tache-d-encre-theatre-de-la-t4692/"
"ARTÉPHILE","5 bis, 7 rue Bourg Neuf 84000 Avignon","43.946688 4.812342","https://www.imparato.io/blog/tous-les-spectacles-du-off-2022-aujourd-hui-theatre-par-theatre#/programme/2022/artephile-t4745/"
"MAISON DE LA PAROLE","7, rue du Prévot 84000 Avignon","43.94657319751 4.80643406510353","https://www.imparato.io/blog/tous-les-spectacles-du-off-2022-aujourd-hui-theatre-par-theatre#/programme/2022/maison-de-la-parole-t4731/"
"PORTE SAINT MICHEL (THÉÂTRE DE LA)","23, rue Saint Michel 84000 Avignon","43.9438062 4.80821360000004","https://www.imparato.io/blog/tous-les-spectacles-du-off-2022-aujourd-hui-theatre-par-theatre#/programme/2022/porte-saint-michel-theatre-de-la-t4742/"
"AMBIGU THÉÂTRE","7, rue de la bourse 84000 Avignon","43.9438825 4.80701920000001","https://www.imparato.io/blog/tous-les-spectacles-du-off-2022-aujourd-hui-theatre-par-theatre#/programme/2022/ambigu-theatre-t4735/"
"OCCITANIE FAIT SON CIRQUE EN AVIGNON","22 chemin de l'île Piot 84000 Avignon","43.946516 4.794631","https://www.imparato.io/blog/tous-les-spectacles-du-off-2022-aujourd-hui-theatre-par-theatre#/programme/2022/occitanie-fait-son-cirque-en-avignon-t4665/"
"SCALA PROVENCE (LA)","3 rue Pourquery de Boisserin 84000 Avignon","43.9463719945305 4.80488092037134","https://www.imparato.io/blog/tous-les-spectacles-du-off-2022-aujourd-hui-theatre-par-theatre#/programme/2022/scala-provence-la-t4789/"
"HALLES (THÉÂTRE DES)","Rue du Roi René 84000 Avignon","43.946239 4.809882","https://www.imparato.io/blog/tous-les-spectacles-du-off-2022-aujourd-hui-theatre-par-theatre#/programme/2022/halles-theatre-des-t4671/"
"SCIERIE (LA)","15 bd du quai St Lazare 84000 Avignon","43.95215 4.818653","https://www.imparato.io/blog/tous-les-spectacles-du-off-2022-aujourd-hui-theatre-par-theatre#/programme/2022/scierie-la-t4759/"
"95. AU VERBE FOU, THÉÂTRE LITTÉRAIRE","95 RUE DES INFIRMIERES 84000 Avignon","43.9513541 4.81505440000001","https://www.imparato.io/blog/tous-les-spectacles-du-off-2022-aujourd-hui-theatre-par-theatre#/programme/2022/95-au-verbe-fou-theatre-litteraire-t4697/"
"BUFFON / QUARTIER LUNA","18 rue buffon 84000 Avignon","43.9463714 4.81533060000004","https://www.imparato.io/blog/tous-les-spectacles-du-off-2022-aujourd-hui-theatre-par-theatre#/programme/2022/buffon-quartier-luna-t4717/"
"ROI RENÉ (THÉÂTRE DU)","4 bis, rue Grivolas 84000 Avignon","43.9470724 4.80941229999996","https://www.imparato.io/blog/tous-les-spectacles-du-off-2022-aujourd-hui-theatre-par-theatre#/programme/2022/roi-rene-theatre-du-t4693/"
"PARIS (LE)","5 rue henri fabre 84000 Avignon","43.9451301 4.80683850000003","https://www.imparato.io/blog/tous-les-spectacles-du-off-2022-aujourd-hui-theatre-par-theatre#/programme/2022/paris-le-t4766/"
"PARADISE RÉPUBLIQUE","9, rue Mignard 84000 Avignon","43.947211 4.8053979","https://www.imparato.io/blog/tous-les-spectacles-du-off-2022-aujourd-hui-theatre-par-theatre#/programme/2022/paradise-republique-t4733/"
"ATELIER 44 (L')","44, rue Thiers 84000 Avignon","43.9470608 4.81428949999997","https://www.imparato.io/blog/tous-les-spectacles-du-off-2022-aujourd-hui-theatre-par-theatre#/programme/2022/atelier-44-l-t4647/"
"CHAPELLE DES ITALIENS (LA)","33 rue Paul Saïn 84000 Avignon","43.948332819806 4.81231661854601","https://www.imparato.io/blog/tous-les-spectacles-du-off-2022-aujourd-hui-theatre-par-theatre#/programme/2022/chapelle-des-italiens-la-t4776/"
"CHAPEAU ROUGE THÉÂTRE","25 , 34 36 Rue Du Chapeau Rouge 84000 Avignon","43.9491006 4.81160139999997","https://www.imparato.io/blog/tous-les-spectacles-du-off-2022-aujourd-hui-theatre-par-theatre#/programme/2022/chapeau-rouge-theatre-t4715/"
"LILA'S (THÉÂTRE DES)","Entrée rue Rateau (angle rue Londe) 84000 Avignon","43.945623 4.813344","https://www.imparato.io/blog/tous-les-spectacles-du-off-2022-aujourd-hui-theatre-par-theatre#/programme/2022/lila-s-theatre-des-t4646/"
"ALYA, L'ESPACE","31 bis, rue Guillaume Puy 84000 Avignon","43.9478824 4.814391","https://www.imparato.io/blog/tous-les-spectacles-du-off-2022-aujourd-hui-theatre-par-theatre#/programme/2022/alya-l-espace-t4701/"
"3 SOLEILS (THÉÂTRE / GALERIE)","4, rue Buffon 84000 Avignon","43.9476351 4.81580299999996","https://www.imparato.io/blog/tous-les-spectacles-du-off-2022-aujourd-hui-theatre-par-theatre#/programme/2022/3-soleils-theatre-galerie-t4722/"
"PETIT LOUVRE (Van Gogh)","23 rue Saint Agricol 84000 Avignon","43.948759 4.804462","https://www.imparato.io/blog/tous-les-spectacles-du-off-2022-aujourd-hui-theatre-par-theatre#/programme/2022/petit-louvre-van-gogh-t4682/"
"BARRETTA (THÉÂTRE)","12, place Saint Didier 84000 Avignon","43.946605 4.806997","https://www.imparato.io/blog/tous-les-spectacles-du-off-2022-aujourd-hui-theatre-par-theatre#/programme/2022/barretta-theatre-t4757/"
"FACTORY (LA) - 1-Théâtre de l'Oulle","LA FACTORY//Fabrique d'Art Vivant 84000 Place Crillon Localiser sur la carte","43.950118 4.802923","https://www.imparato.io/blog/tous-les-spectacles-du-off-2022-aujourd-hui-theatre-par-theatre#/programme/2022/factory-la-1-theatre-de-l-oulle-t4678/"
"ÉTOILES (LES)","54 rue Guillaume Puy 84000 Avignon","43.9463 4.81416999999999","https://www.imparato.io/blog/tous-les-spectacles-du-off-2022-aujourd-hui-theatre-par-theatre#/programme/2022/etoiles-les-t4645/"
"FACTORY (LA) - 3-Chapelle des Antonins","5, rue Figuière 84000 Avignon","0 0","https://www.imparato.io/blog/tous-les-spectacles-du-off-2022-aujourd-hui-theatre-par-theatre#/programme/2022/factory-la-3-chapelle-des-antonins-t4680/"
"GRAND PAVOIS (THÉÂTRE LE)","13, rue Bouquerie 84000 Avignon","43.946955 4.80465","https://www.imparato.io/blog/tous-les-spectacles-du-off-2022-aujourd-hui-theatre-par-theatre#/programme/2022/grand-pavois-theatre-le-t4652/"
"BARRIQUES (THÉÂTRE DES)","8, rue Ledru Rollin 84000 Avignon","43.9501807 4.81254480000007","https://www.imparato.io/blog/tous-les-spectacles-du-off-2022-aujourd-hui-theatre-par-theatre#/programme/2022/barriques-theatre-des-t4726/"
"CHÊNE NOIR (THÉÂTRE DU) - Direction Julien Gelas","8 BIS RUE SAINTE CATHERINE 84000 Avignon","43.9505613 4.80972989999998","https://www.imparato.io/blog/tous-les-spectacles-du-off-2022-aujourd-hui-theatre-par-theatre#/programme/2022/chene-noir-theatre-du-direction-julien-gelas-t4725/"
"ALBATROS","29, rue des Teinturiers 84000 Avignon","43.9453484 4.81290749999994","https://www.imparato.io/blog/tous-les-spectacles-du-off-2022-aujourd-hui-theatre-par-theatre#/programme/2022/albatros-t4641/"
"ALYA, LE CHAPEAU D'ÉBÈNE","13, rue de la velouterie 84000 Avignon","43.9443569 4.79952079999998","https://www.imparato.io/blog/tous-les-spectacles-du-off-2022-aujourd-hui-theatre-par-theatre#/programme/2022/alya-le-chapeau-d-ebene-t4702/"
"ALIZÉ","15, rue du 58è R.I 84000 Avignon","43.94488 4.815703","https://www.imparato.io/blog/tous-les-spectacles-du-off-2022-aujourd-hui-theatre-par-theatre#/programme/2022/alize-t4642/"
"Hôtel Tonduty de Malijaque","17, rue Petite Fusterie 84000 Avignon","43.949727 4.804298","https://www.imparato.io/blog/tous-les-spectacles-du-off-2022-aujourd-hui-theatre-par-theatre#/programme/2022/hotel-tonduty-de-malijaque-t4798/"
"REMPART (THÉÂTRE DU)","56, rue du rempart Saint Lazare 84000 Avignon","43.9520871 4.81708520000007","https://www.imparato.io/blog/tous-les-spectacles-du-off-2022-aujourd-hui-theatre-par-theatre#/programme/2022/rempart-theatre-du-t4688/"
"PETIT CHIEN (THÉÂTRE LE)","76 Rue Guillaume Puy 84000 Avignon","43.9444047 4.81431769999995","https://www.imparato.io/blog/tous-les-spectacles-du-off-2022-aujourd-hui-theatre-par-theatre#/programme/2022/petit-chien-theatre-le-t4658/"
"GÉMEAUX (THÉÂTRE DES)","10 rue du Vieux Sextier 84000 Avignon","43.9483 4.80796","https://www.imparato.io/blog/tous-les-spectacles-du-off-2022-aujourd-hui-theatre-par-theatre#/programme/2022/gemeaux-theatre-des-t4761/"
"CENTRE (THÉÂTRE DU)","13, rue Louis Pasteur 84000 Avignon","43.9494542 4.81392370000003","https://www.imparato.io/blog/tous-les-spectacles-du-off-2022-aujourd-hui-theatre-par-theatre#/programme/2022/centre-theatre-du-t4689/"
"ISLE 80","18, place des trois Pilats 84000 Avignon","43.9512285 4.81188369999995","https://www.imparato.io/blog/tous-les-spectacles-du-off-2022-aujourd-hui-theatre-par-theatre#/programme/2022/isle-80-t4716/"
"HIVERNALES (LES) - CDCN d'Avignon","18, rue Guillaume Puy 84000 Avignon","43.9495891 4.81420750000007","https://www.imparato.io/blog/tous-les-spectacles-du-off-2022-aujourd-hui-theatre-par-theatre#/programme/2022/hivernales-les-cdcn-d-avignon-t4672/"
"PARENTHÈSE (LA)","18 rue des études 84000 Avignon","43.9455298 4.80903050000006","https://www.imparato.io/blog/tous-les-spectacles-du-off-2022-aujourd-hui-theatre-par-theatre#/programme/2022/parenthese-la-t4730/"
"AU COIN DE LA LUNE / QUARTIER LUNA","24 rue Buffon 84000 Avignon","43.9459418 4.81510219999996","https://www.imparato.io/blog/tous-les-spectacles-du-off-2022-aujourd-hui-theatre-par-theatre#/programme/2022/au-coin-de-la-lune-quartier-luna-t4718/"
"ENTREPÔT (L') - Cie Mises en Scène","1 TER BOULEVARD CHAMPFLEURY 84000 Avignon","43.9409097 4.80545459999996","https://www.imparato.io/blog/tous-les-spectacles-du-off-2022-aujourd-hui-theatre-par-theatre#/programme/2022/entrepot-l-cie-mises-en-scene-t4662/"
"CORPS SAINTS (THÉÂTRE DES)","76 PLACE DES CORPS SAINTS 84000 Avignon","43.9441896 4.80754849999994","https://www.imparato.io/blog/tous-les-spectacles-du-off-2022-aujourd-hui-theatre-par-theatre#/programme/2022/corps-saints-theatre-des-t4660/"
"KABAROUF & Alchimique Village Circus","Chemin des Canotiers Ile de la Barthelasse 84000 Avignon","43.955686 4.809895","https://www.imparato.io/blog/tous-les-spectacles-du-off-2022-aujourd-hui-theatre-par-theatre#/programme/2022/kabarouf-alchimique-village-circus-t4734/"
"ATELIER FLORENTIN (THÉÂTRE DE L')","28, rue Guillaume Puy 84000 Avignon","43.948095 4.814506","https://www.imparato.io/blog/tous-les-spectacles-du-off-2022-aujourd-hui-theatre-par-theatre#/programme/2022/atelier-florentin-theatre-de-l-t4744/"
"SHAM'S THÉÂTRE","25, rue Saint Jean Le Vieux  84000 Avignon","43.9483 4.81075999999996","https://www.imparato.io/blog/tous-les-spectacles-du-off-2022-aujourd-hui-theatre-par-theatre#/programme/2022/sham-s-theatre-t4765/"
"CARRETERIE (THÉÂTRE DE LA)","101, rue de la carreterie 84000 Avignon","43.9512127 4.8154783","https://www.imparato.io/blog/tous-les-spectacles-du-off-2022-aujourd-hui-theatre-par-theatre#/programme/2022/carreterie-theatre-de-la-t4752/"
"LE TOTEM - ART, ENFANCE, JEUNESSE","20 Av Monclar 84000 Avignon","43.939396 4.805782","https://www.imparato.io/blog/tous-les-spectacles-du-off-2022-aujourd-hui-theatre-par-theatre#/programme/2022/le-totem-art-enfance-jeunesse-t4676/"
"AU BOUT LÀ-BAS (THÉÂTRE)","23, rue Noël Biret 84000 Avignon","43.946109 4.810771","https://www.imparato.io/blog/tous-les-spectacles-du-off-2022-aujourd-hui-theatre-par-theatre#/programme/2022/au-bout-la-bas-theatre-t4727/"
"ATYPIK THÉÂTRE","72, rue de la Bonneterie 84000 Avignon","43.946364 4.8114223","https://www.imparato.io/blog/tous-les-spectacles-du-off-2022-aujourd-hui-theatre-par-theatre#/programme/2022/atypik-theatre-t4685/"
"BOURSE DU TRAVAIL CGT (THÉÂTRE DE LA)","8 rue campane 84000 Avignon","43.9500433 4.8122674","https://www.imparato.io/blog/tous-les-spectacles-du-off-2022-aujourd-hui-theatre-par-theatre#/programme/2022/bourse-du-travail-cgt-theatre-de-la-t4699/"
"ESSAÏON-AVIGNON","33 rue de la Carreterie 84000 Avignon","43.949784 4.812559","https://www.imparato.io/blog/tous-les-spectacles-du-off-2022-aujourd-hui-theatre-par-theatre#/programme/2022/essaion-avignon-t4669/"
"CABESTAN (THÉÂTRE LE)","11, rue du Collège de la Croix 84000 Avignon","43.946743 4.808684","https://www.imparato.io/blog/tous-les-spectacles-du-off-2022-aujourd-hui-theatre-par-theatre#/programme/2022/cabestan-theatre-le-t4651/"
"ATELIER  (L') (La Manutention)","4 rue des escaliers Sainte Anne 84000 Avignon","0 0","https://www.imparato.io/blog/tous-les-spectacles-du-off-2022-aujourd-hui-theatre-par-theatre#/programme/2022/atelier-l-la-manutention-t4783/"
"3 RAISINS","15 rue Thiers 84000 Avignon","43.9476322 4.81216010000003","https://www.imparato.io/blog/tous-les-spectacles-du-off-2022-aujourd-hui-theatre-par-theatre#/programme/2022/3-raisins-t4760/"
"LE GRENIER À SEL – AIRES NUMÉRIQUES #3","2 rue du rempart Saint Lazare 84000 Avignon","0 0","https://www.imparato.io/blog/tous-les-spectacles-du-off-2022-aujourd-hui-theatre-par-theatre#/programme/2022/le-grenier-a-sel-aires-numeriques-3-t4782/"
"ROUGE GORGE","Place de l'amirande 84000 Avignon","0 0","https://www.imparato.io/blog/tous-les-spectacles-du-off-2022-aujourd-hui-theatre-par-theatre#/programme/2022/rouge-gorge-t4803/"
"ARRACHE-CŒUR (THÉÂTRE DE L')","13, rue du 58° régiment d’infanterie 84000 Avignon","43.94476 4.81526","https://www.imparato.io/blog/tous-les-spectacles-du-off-2022-aujourd-hui-theatre-par-theatre#/programme/2022/arrache-coeur-theatre-de-l-t4778/"
"PALACE (THÉÂTRE LE)","38, cours Jean Jaurès 84000 Avignon","43.9446236 4.80519249999998","https://www.imparato.io/blog/tous-les-spectacles-du-off-2022-aujourd-hui-theatre-par-theatre#/programme/2022/palace-theatre-le-t4700/"
"ADRESSE (L')","2, avenue de la Trillade 84000 Avignon","43.9431421 4.81331799999998","https://www.imparato.io/blog/tous-les-spectacles-du-off-2022-aujourd-hui-theatre-par-theatre#/programme/2022/adresse-l-t4713/"
"VILLENEUVE EN SCÈNE (FESTIVAL)","Plaine de l'Abbaye 30400 Villeneuve lez Avignon","43.969834 4.80479590000004","https://www.imparato.io/blog/tous-les-spectacles-du-off-2022-aujourd-hui-theatre-par-theatre#/programme/2022/villeneuve-en-scene-festival-t4746/"
"ROTONDE (THÉÂTRE DE LA)","1 A, rue Jean Catelas 84000 Avignon","43.937418 4.831098","https://www.imparato.io/blog/tous-les-spectacles-du-off-2022-aujourd-hui-theatre-par-theatre#/programme/2022/rotonde-theatre-de-la-t4690/"
"LAURETTE THÉÂTRE AVIGNON","14, rue Plaisance 16/18, rue Joseph Vernet  84000 Avignon","43.949775 4.803019","https://www.imparato.io/blog/tous-les-spectacles-du-off-2022-aujourd-hui-theatre-par-theatre#/programme/2022/laurette-theatre-avignon-t4721/"
"LE FIGUIER POURPRE (Maison de la Poésie d'Avignon)","6 rue Figuière 84000 Avignon","43.9473436 4.80661280000004","https://www.imparato.io/blog/tous-les-spectacles-du-off-2022-aujourd-hui-theatre-par-theatre#/programme/2022/le-figuier-pourpre-maison-de-la-poesie-d-avignon-t4655/"
"BALCON (THÉÂTRE DU)","38, rue Guillaume Puy 84000 Avignon","43.9473544 4.81419329999994","https://www.imparato.io/blog/tous-les-spectacles-du-off-2022-aujourd-hui-theatre-par-theatre#/programme/2022/balcon-theatre-du-t4649/"
"DOMS (THÉÂTRE DES)","1 bis, rue des Escaliers Sainte Anne 84000 Avignon","43.9516592 4.80893519999995","https://www.imparato.io/blog/tous-les-spectacles-du-off-2022-aujourd-hui-theatre-par-theatre#/programme/2022/doms-theatre-des-t4661/"
"PIXEL AVIGNON SALLE BAYAF","10, rue de la carreterie 84000 Avignon","43.950138 4.81285","https://www.imparato.io/blog/tous-les-spectacles-du-off-2022-aujourd-hui-theatre-par-theatre#/programme/2022/pixel-avignon-salle-bayaf-t4739/"
"TRANSVERSAL (THÉÂTRE)","10, rue d'Amphoux 84000 Avignon","43.947283 4.811065","https://www.imparato.io/blog/tous-les-spectacles-du-off-2022-aujourd-hui-theatre-par-theatre#/programme/2022/transversal-theatre-t4648/"
"PALAIS DU RIRE","39 RUE DU PORTAIL MAGNANEN 84000 Avignon","43.9443092346191 4.81081438064575","https://www.imparato.io/blog/tous-les-spectacles-du-off-2022-aujourd-hui-theatre-par-theatre#/programme/2022/palais-du-rire-t4781/"
"FACTORY (LA) - 2-Salle Tomasi","4, rue Bertrand 84000 Avignon","43.951455 4.810107","https://www.imparato.io/blog/tous-les-spectacles-du-off-2022-aujourd-hui-theatre-par-theatre#/programme/2022/factory-la-2-salle-tomasi-t4679/"
"CONTRE COURANT (FESTIVAL)","Ile de la Barthelasse 2201, route de l'Islon 84000 Avignon","43.9813898 4.8208737","https://www.imparato.io/blog/tous-les-spectacles-du-off-2022-aujourd-hui-theatre-par-theatre#/programme/2022/contre-courant-festival-t4755/"
"ARTO","3, rue Râteau 84000 Avignon","43.9453879 4.81385760000001","https://www.imparato.io/blog/tous-les-spectacles-du-off-2022-aujourd-hui-theatre-par-theatre#/programme/2022/arto-t4762/"
"Jardin de Fogasses","37 rue des Fourbisseurs 84000 Avignon","43.947465 4.807873","https://www.imparato.io/blog/tous-les-spectacles-du-off-2022-aujourd-hui-theatre-par-theatre#/programme/2022/jardin-de-fogasses-t4712/"
"NOUVEAU GRENIER (LE)","9 rue Notre Dame des sept douleurs 84000 Avignon","43.9483833312988 4.81593322753906","https://www.imparato.io/blog/tous-les-spectacles-du-off-2022-aujourd-hui-theatre-par-theatre#/programme/2022/nouveau-grenier-le-t4770/"
"LUCIOLES (THÉÂTRE DES)","10, rue du rempart St Lazare 84000 Avignon","43.9530579 4.81252719999998","https://www.imparato.io/blog/tous-les-spectacles-du-off-2022-aujourd-hui-theatre-par-theatre#/programme/2022/lucioles-theatre-des-t4674/"
"BO (THÉÂTRE)","Novotel Centre 20, boulevard St Roch 84000 Avignon","43.942697 4.802439","https://www.imparato.io/blog/tous-les-spectacles-du-off-2022-aujourd-hui-theatre-par-theatre#/programme/2022/bo-theatre-t4740/"
"COMÉDIE D’AVIGNON (LA)","40, rue des Lices 84000 Avignon","43.9449948 4.80921490000003","https://www.imparato.io/blog/tous-les-spectacles-du-off-2022-aujourd-hui-theatre-par-theatre#/programme/2022/comedie-d-avignon-la-t4732/"
"AL ANDALUS","25, rue d'Amphoux 84000 Avignon","43.94744 4.810975","https://www.imparato.io/blog/tous-les-spectacles-du-off-2022-aujourd-hui-theatre-par-theatre#/programme/2022/al-andalus-t4774/"
"AVIGNON-REINE BLANCHE","16 rue de la grande fusterie 84000 Avignon","43.9513 4.80459","https://www.imparato.io/blog/tous-les-spectacles-du-off-2022-aujourd-hui-theatre-par-theatre#/programme/2022/avignon-reine-blanche-t4767/"
"TREMPLIN - Salle Molière","8 ter, rue Cornue 84000 Avignon","43.9470365 4.81274480000002","https://www.imparato.io/blog/tous-les-spectacles-du-off-2022-aujourd-hui-theatre-par-theatre#/programme/2022/tremplin-salle-moliere-t4694/"
"VENTS (THÉÂTRE DES)","63, rue Guillaume Puy 84000 Avignon","43.947093963623 4.81430053710938","https://www.imparato.io/blog/tous-les-spectacles-du-off-2022-aujourd-hui-theatre-par-theatre#/programme/2022/vents-theatre-des-t4696/"
"CONFIDENTIEL THÉÂTRE","NOVOTEL Avignon","0 0","https://www.imparato.io/blog/tous-les-spectacles-du-off-2022-aujourd-hui-theatre-par-theatre#/programme/2022/confidentiel-theatre-t4800/"
"AU VIEUX BALANCIER","2 rue d'Amphoux 84000 Avignon","43.947958 4.811394","https://www.imparato.io/blog/tous-les-spectacles-du-off-2022-aujourd-hui-theatre-par-theatre#/programme/2022/au-vieux-balancier-t4698/"
"ÉPISCÈNE (THÉÂTRE)","5, rue Ninon Vallin 84000 Avignon","43.943987 4.813955","https://www.imparato.io/blog/tous-les-spectacles-du-off-2022-aujourd-hui-theatre-par-theatre#/programme/2022/episcene-theatre-t4758/"
"ANGE (THÉÂTRE DE L')","15 17, rue des teinturiers 84000 Avignon","43.945787 4.81237","https://www.imparato.io/blog/tous-les-spectacles-du-off-2022-aujourd-hui-theatre-par-theatre#/programme/2022/ange-theatre-de-l-t4644/"
"COUR DU SPECTATEUR (LA)","5 place Louis GASTIN 84000 Avignon","43.9518356323242 4.81429767608643","https://www.imparato.io/blog/tous-les-spectacles-du-off-2022-aujourd-hui-theatre-par-theatre#/programme/2022/cour-du-spectateur-la-t4686/"
"ESPACE SAINT MARTIAL","2 rue Henri Fabre 84000 Avignon","43.9451668 4.80562780000002","https://www.imparato.io/blog/tous-les-spectacles-du-off-2022-aujourd-hui-theatre-par-theatre#/programme/2022/espace-saint-martial-t4664/"
"BRUNES (THÉÂTRE DES)","32 rue Thiers 84000 Avignon","43.9473589 4.81291999999996","https://www.imparato.io/blog/tous-les-spectacles-du-off-2022-aujourd-hui-theatre-par-theatre#/programme/2022/brunes-theatre-des-t4743/"
"AMANTS (THÉÂTRE DES)","1, place du Grand Paradis 84000 Avignon","43.951821 4.810819","https://www.imparato.io/blog/tous-les-spectacles-du-off-2022-aujourd-hui-theatre-par-theatre#/programme/2022/amants-theatre-des-t4643/"
"ALYA, LE THÉÂTRE","79 RUE DES INFIRMIÈRES 84000 Avignon","0 0","https://www.imparato.io/blog/tous-les-spectacles-du-off-2022-aujourd-hui-theatre-par-theatre#/programme/2022/alya-le-theatre-t4747/"
"TREMPLIN - Salle Les Baladins","7, rue du Bon Pasteur  84000 Avignon","43.9468361 4.81296769999994","https://www.imparato.io/blog/tous-les-spectacles-du-off-2022-aujourd-hui-theatre-par-theatre#/programme/2022/tremplin-salle-les-baladins-t4695/"
"CASTELET (THÉÂTRE LE)","113 rue de la Carreterie  84000 Avignon","43.95144 4.8157539","https://www.imparato.io/blog/tous-les-spectacles-du-off-2022-aujourd-hui-theatre-par-theatre#/programme/2022/castelet-theatre-le-t4737/"
"ARCHIPEL THÉÂTRE","25, bis rue du Rempart de l'Oulle  84000 Avignon","43.9477752 4.8008092","https://www.imparato.io/blog/tous-les-spectacles-du-off-2022-aujourd-hui-theatre-par-theatre#/programme/2022/archipel-theatre-t4684/"
"FABRIK THÉÂTRE","10, route de Lyon, Impasse Favot 84000 Avignon","43.949372 4.820784","https://www.imparato.io/blog/tous-les-spectacles-du-off-2022-aujourd-hui-theatre-par-theatre#/programme/2022/fabrik-theatre-t4667/"
"HUMANUM","149, rue de la carreterie 84000 Avignon","43.951629 4.816853","https://www.imparato.io/blog/tous-les-spectacles-du-off-2022-aujourd-hui-theatre-par-theatre#/programme/2022/humanum-t4771/"
"MARELLE DES TEINTURIERS","84 RUE BONNETERIE 84000 Avignon","0 0","https://www.imparato.io/blog/tous-les-spectacles-du-off-2022-aujourd-hui-theatre-par-theatre#/programme/2022/marelle-des-teinturiers-t4802/"
"CHAPELLE DU VERBE INCARNÉ","21G, rue des lices (en face du n°60) 84000 Avignon","43.945491 4.810556","https://www.imparato.io/blog/tous-les-spectacles-du-off-2022-aujourd-hui-theatre-par-theatre#/programme/2022/chapelle-du-verbe-incarne-t4656/"
"LE VIEUX SAGE (THÉÂTRE)","34 rue Carreterie 84000 Avignon","43.9510841369629 4.81524658203125","https://www.imparato.io/blog/tous-les-spectacles-du-off-2022-aujourd-hui-theatre-par-theatre#/programme/2022/le-vieux-sage-theatre-t4779/"
"CHIEN QUI FUME (THÉÂTRE DU)","75 rue des Teinturiers 84000 Avignon","43.94507 4.814268","https://www.imparato.io/blog/tous-les-spectacles-du-off-2022-aujourd-hui-theatre-par-theatre#/programme/2022/chien-qui-fume-theatre-du-t4657/"
"GOLOVINE (THÉÂTRE)","1 Bis rue Sainte Catherine 84000 Avignon","43.9504275 4.80932080000002","https://www.imparato.io/blog/tous-les-spectacles-du-off-2022-aujourd-hui-theatre-par-theatre#/programme/2022/golovine-theatre-t4670/"
"CARNOT (THÉÂTRE)","16 rue Carnot 84000 Avignon","43.9488611 4.80929140000001","https://www.imparato.io/blog/tous-les-spectacles-du-off-2022-aujourd-hui-theatre-par-theatre#/programme/2022/carnot-theatre-t4719/"
"CINÉVOX THÉÂTRE (LE)","22, place de l’Horloge 84000 Avignon","0 0","https://www.imparato.io/blog/tous-les-spectacles-du-off-2022-aujourd-hui-theatre-par-theatre#/programme/2022/cinevox-theatre-le-t4787/"
"Cour des Notaires","23 bis, rue Thiers 84000 Avignon","43.947392 4.812954","https://www.imparato.io/blog/tous-les-spectacles-du-off-2022-aujourd-hui-theatre-par-theatre#/programme/2022/cour-des-notaires-t4797/"
"Médiathèque Ceccano","2 bis rue Laboureur 84000 Avignon","43.9464 4.807","https://www.imparato.io/blog/tous-les-spectacles-du-off-2022-aujourd-hui-theatre-par-theatre#/programme/2022/mediatheque-ceccano-t4799/"
"LÀ ! C'EST DE LA MUSIQUE (CONCERTS EN PLEIN AIR)","34 RUE JOSEPH VERNET 84000 Avignon","43.9483207 4.80328150000003","https://www.imparato.io/blog/tous-les-spectacles-du-off-2022-aujourd-hui-theatre-par-theatre#/programme/2022/la-c-est-de-la-musique-concerts-en-plein-air-t4750/"
"Collection Lambert","5 rue Violette  84000 Avignon","0 0","https://www.imparato.io/blog/tous-les-spectacles-du-off-2022-aujourd-hui-theatre-par-theatre#/programme/2022/collection-lambert-t4708/"
"PETIT LOUVRE (TEMPLIERS)","3 rue Félix Gras 84000 Avignon","43.9485991 4.80407379999997","https://www.imparato.io/blog/tous-les-spectacles-du-off-2022-aujourd-hui-theatre-par-theatre#/programme/2022/petit-louvre-templiers-t4683/"
"OPTIMIST (THÉÂTRE L')","50 rue Guillaume Puy 84000 Avignon","43.9466 4.81407","https://www.imparato.io/blog/tous-les-spectacles-du-off-2022-aujourd-hui-theatre-par-theatre#/programme/2022/optimist-theatre-l-t4653/"
"PETITES FORMES (MONTFAVET - FESTIVAL LES)","Parc Seguin / 285, cours cardinal Bertrand 84140 Montfavet Localiser sur la carte","43.9330755 4.8732632","https://www.imparato.io/blog/tous-les-spectacles-du-off-2022-aujourd-hui-theatre-par-theatre#/programme/2022/petites-formes-montfavet-festival-les-t4749/"
"CASERNE DES POMPIERS (LA)","116, rue de la Carreterie 84000 Avignon","43.9511407 4.81622449999998","https://www.imparato.io/blog/tous-les-spectacles-du-off-2022-aujourd-hui-theatre-par-theatre#/programme/2022/caserne-des-pompiers-la-t4756/"
"ACTUEL (THÉÂTRE)","80, rue Guillaume Puy 84000 Avignon","43.9442687 4.81445340000005","https://www.imparato.io/blog/tous-les-spectacles-du-off-2022-aujourd-hui-theatre-par-theatre#/programme/2022/actuel-theatre-t4741/"
"GIRASOLE (THÉÂTRE DU)","24 bis, rue Guillaume Puy 84000 Avignon","43.9484073 4.8142785","https://www.imparato.io/blog/tous-les-spectacles-du-off-2022-aujourd-hui-theatre-par-theatre#/programme/2022/girasole-theatre-du-t4724/"
"COUR DU BAROUF - COUR DES PLATANES","15 rue Louis Pasteur 84000 Avignon","0 0","https://www.imparato.io/blog/tous-les-spectacles-du-off-2022-aujourd-hui-theatre-par-theatre#/programme/2022/cour-du-barouf-cour-des-platanes-t4780/"
"POLE CULTUREL JEAN FERRAT","157 rue des écoles et du stade 30150 Sauveterre Localiser sur la carte","44.0218997391839 4.79715307822424","https://www.imparato.io/blog/tous-les-spectacles-du-off-2022-aujourd-hui-theatre-par-theatre#/programme/2022/pole-culturel-jean-ferrat-t4788/"
"Chapelle de l'Oratoire","32 rue Joseph Vernet 84000 Avignon","0 0","https://www.imparato.io/blog/tous-les-spectacles-du-off-2022-aujourd-hui-theatre-par-theatre#/programme/2022/chapelle-de-l-oratoire-t4805/"
"Boulodrome de l’Ile Piot","1 chemin de l’Ile Piot – Sous le pont Daladier 84000 Avignon","43.9518 4.79838","https://www.imparato.io/blog/tous-les-spectacles-du-off-2022-aujourd-hui-theatre-par-theatre#/programme/2022/boulodrome-de-l-ile-piot-t4707/"
"Castel","Chemin de la Caramude 30400 Villeneuve lès Avignon","0 0","https://www.imparato.io/blog/tous-les-spectacles-du-off-2022-aujourd-hui-theatre-par-theatre#/programme/2022/castel-t4794/"
"ÎLOT CHAPITEAUX","353 chemin des Canotiers, Ile de la Barthelasse 84000 Avignon","43.955871 4.810324","https://www.imparato.io/blog/tous-les-spectacles-du-off-2022-aujourd-hui-theatre-par-theatre#/programme/2022/ilot-chapiteaux-t4673/"
"Pôle Théâtre et Marionnette","2155 Chemin de la Barthelasse 84000 Avignon","43.9641561431578 4.81623802815272","https://www.imparato.io/blog/tous-les-spectacles-du-off-2022-aujourd-hui-theatre-par-theatre#/programme/2022/pole-theatre-et-marionnette-t4709/"
"Mon bar","15, rue Portail Matheron 84000 Avignon","43.9497344162453 4.81235101819038","https://www.imparato.io/blog/tous-les-spectacles-du-off-2022-aujourd-hui-theatre-par-theatre#/programme/2022/mon-bar-t4804/"
"Chapelle des Templiers","23 rue Saint Agricol 84000 Avignon","0 0","https://www.imparato.io/blog/tous-les-spectacles-du-off-2022-aujourd-hui-theatre-par-theatre#/programme/2022/chapelle-des-templiers-t4806/"
